Label,mean_fpktl ,std_fpktl ,mean_bpktl ,std_bpktl ,m,s,mb,sb
MalwareAttack_1000,29,0,0,0,1,0,0,0
Benign_1000,32,0,0,0,1,0,0,0
MalwareActivity_1000,40,0,0,0,1,0,0,0
Benign_1000,44,0,0,0,1,0,0,0
MalwareAttack_1000,53,0,0,0,1,0,0,0
Benign_1000,57,0,0,0,1,0,0,0
Benign_1000,60,0,0,0,1,0,0,0
Benign_1000,62,0,0,0,1,0,0,0
Benign_1000,63,0,0,0,1,0,0,0
Benign_1000,65,0,0,0,1,0,0,0
Benign_1000,66,0,0,0,1,0,0,0
Benign_1000,68,0,0,0,1,0,0,0
Benign_1000,73,0,0,0,1,0,0,0
Benign_1000,76,0,0,0,1,0,0,0
MalwareAttack_1000,93,0,0,0,1,0,0,0
Benign_1000,118,0,0,0,1,0,0,0
Benign_1000,153,0,0,0,1,0,0,0
Benign_1000,233,0,0,0,1,0,0,0
Benign_1000,328,0,0,0,1,0,0,0
MalwareAttack_1000,540,0,0,0,1,0,0,0
MalwareAttack_1000,1164,0,0,0,1,0,0,0
Activity_Attack_1000,1500,0,0,0,1,0,0,0
Activity_Attack_1000,1500,0,0,0,1,0,0,0
Benign_1010,44,0,44,0,1,0,1,0
Benign_1010,65,0,65,0,1,0,1,0
Benign_1010,66,0,66,0,1,0,1,0
Benign_1010,71,0,71,0,1,0,1,0
Benign_1010,74,0,74,0,1,0,1,0
Benign_1010,60,0,76,0,1,0,1,0
Benign_Activity_1010,76,0,76,0,1,0,1,0
Benign_Activity_1010,76,0,76,0,1,0,1,0
Benign_1010,61,0,77,0,1,0,1,0
Benign_1010,62,0,78,0,1,0,1,0
Benign_1010,64,0,80,0,1,0,1,0
Benign_1010,65,0,81,0,1,0,1,0
Benign_1010,66,0,82,0,1,0,1,0
Benign_1010,68,0,84,0,1,0,1,0
Benign_1010,69,0,85,0,1,0,1,0
Benign_1010,88,0,88,0,1,0,1,0
Benign_1010,57,0,89,0,1,0,1,0
Benign_1010,62,0,90,0,1,0,1,0
Benign_1010,74,0,90,0,1,0,1,0
Benign_1010,69,0,99,0,1,0,1,0
Benign_1010,84,0,100,0,1,0,1,0
Benign_1010,55,0,103,0,1,0,1,0
Benign_1010,71,0,103,0,1,0,1,0
Benign_1010,68,0,108,0,1,0,1,0
Benign_1010,67,0,113,0,1,0,1,0
Benign_1010,67,0,116,0,1,0,1,0
Benign_1010,64,0,122,0,1,0,1,0
Benign_1010,65,0,123,0,1,0,1,0
Benign_1010,68,0,123,0,1,0,1,0
Benign_1010,60,0,126,0,1,0,1,0
Benign_1010,68,0,126,0,1,0,1,0
Benign_1010,60,0,131,0,1,0,1,0
Benign_1010,67,0,131,0,1,0,1,0
Benign_1010,68,0,132,0,1,0,1,0
Benign_1010,74,0,132,0,1,0,1,0
Benign_1010,60,0,135,0,1,0,1,0
Benign_1010,66,0,141,0,1,0,1,0
Benign_1010,67,0,142,0,1,0,1,0
Benign_1010,68,0,143,0,1,0,1,0
Benign_1010,88,0,145,0,1,0,1,0
Benign_1010,71,0,146,0,1,0,1,0
Benign_1010,84,0,150,0,1,0,1,0
Benign_1010,64,0,155,0,1,0,1,0
Benign_1010,65,0,157,0,1,0,1,0
Benign_1010,75,0,161,0,1,0,1,0
Benign_1010,71,0,167,0,1,0,1,0
Benign_1010,66,0,173,0,1,0,1,0
Benign_1010,68,0,180,0,1,0,1,0
Benign_1010,75,0,180,0,1,0,1,0
Benign_1010,62,0,181,0,1,0,1,0
Benign_1010,65,0,183,0,1,0,1,0
Benign_1010,62,0,184,0,1,0,1,0
Benign_1010,58,0,186,0,1,0,1,0
Benign_1010,65,0,187,0,1,0,1,0
Benign_1010,60,0,189,0,1,0,1,0
Benign_1010,63,0,191,0,1,0,1,0
Benign_1010,70,0,198,0,1,0,1,0
Benign_1010,59,0,210,0,1,0,1,0
Benign_1010,64,0,218,0,1,0,1,0
Benign_1010,64,0,230,0,1,0,1,0
Benign_1010,61,0,252,0,1,0,1,0
Benign_1010,76,0,254,0,1,0,1,0
Benign_1010,71,0,295,0,1,0,1,0
Benign_1011,63,0,222,21,1,0,1,1
MalwareActivity,53,1,54,1,1,1,1,1
MalwareActivity,54,1,53,2,1,1,1,1
Benign,68,1,152,24,1,1,1,1
MalwareActivity,54,2,53,2,1,1,1,1
MalwareActivity,54,2,53,3,1,1,1,1
MalwareActivity,54,2,54,3,1,1,1,1
MalwareActivity,54,2,54,4,1,1,1,1
MalwareActivity,55,2,54,4,1,1,1,1
MalwareActivity,55,2,51,5,1,1,1,1
MalwareActivity,54,2,52,5,1,1,1,1
MalwareActivity,55,2,55,5,1,1,1,1
MalwareActivity,54,2,54,6,1,1,1,1
MalwareActivity,56,2,51,8,1,1,1,1
MalwareActivity,57,2,51,8,1,1,1,1
MalwareActivity,54,2,57,10,1,1,1,1
MalwareActivity,54,2,58,10,1,1,1,1
MalwareActivity,54,2,60,11,1,1,1,1
MalwareActivity,53,2,59,12,1,1,1,1
MalwareActivity,54,2,59,12,1,1,1,1
MalwareActivity,53,2,60,12,1,1,1,1
MalwareActivity,54,2,60,12,1,1,1,1
MalwareActivity,54,2,60,13,1,1,1,1
MalwareActivity,54,2,66,31,1,1,1,1
MalwareActivity,54,2,65,32,1,1,1,1
MalwareActivity,54,2,65,33,1,1,1,1
Benign_1100,344,3,0,0,1,1,0,0
MalwareActivity_1110,58,3,60,0,1,1,1,0
MalwareActivity_1110,59,3,60,0,1,1,1,0
MalwareActivity,54,3,53,1,1,1,1,1
MalwareActivity,55,3,53,1,1,1,1,1
MalwareActivity,54,3,53,2,1,1,1,1
MalwareActivity,55,3,53,2,1,1,1,1
MalwareActivity,55,3,54,2,1,1,1,1
MalwareActivity,58,3,62,2,1,1,1,1
MalwareActivity,57,3,63,2,1,1,1,1
MalwareActivity,54,3,53,3,1,1,1,1
MalwareActivity,55,3,52,4,1,1,1,1
MalwareActivity,55,3,53,4,1,1,1,1
MalwareActivity,55,3,54,4,1,1,1,1
MalwareActivity,57,3,54,4,1,1,1,1
MalwareActivity,59,3,55,4,1,1,1,1
MalwareActivity,53,3,56,4,1,1,1,1
MalwareActivity,54,3,56,4,1,1,1,1
MalwareActivity,59,3,56,5,1,1,1,1
MalwareActivity,59,3,57,5,1,1,1,1
MalwareActivity,55,3,58,5,1,1,1,1
MalwareActivity,57,3,58,5,1,1,1,1
MalwareActivity,53,3,57,6,1,1,1,1
MalwareActivity,54,3,57,6,1,1,1,1
MalwareActivity,53,3,58,6,1,1,1,1
MalwareActivity,54,3,58,6,1,1,1,1
MalwareActivity,53,3,59,6,1,1,1,1
MalwareActivity,59,3,55,8,1,1,1,1
MalwareActivity,55,3,65,8,1,1,1,1
MalwareActivity,57,3,53,9,1,1,1,1
MalwareActivity,59,3,57,9,1,1,1,1
MalwareActivity,54,3,57,10,1,1,1,1
MalwareActivity,54,3,56,11,1,1,1,1
MalwareActivity,54,3,54,12,1,1,1,1
MalwareActivity,55,3,58,12,1,1,1,1
MalwareActivity,54,3,59,12,1,1,1,1
MalwareActivity,54,3,60,12,1,1,1,1
MalwareActivity,53,3,60,13,1,1,1,1
MalwareActivity,54,3,60,13,1,1,1,1
MalwareActivity,54,3,61,13,1,1,1,1
MalwareActivity,54,3,62,15,1,1,1,1
MalwareActivity,54,3,70,26,1,1,1,1
MalwareActivity,55,3,72,34,1,1,1,1
MalwareActivity,55,3,108,69,1,1,1,1
MalwareActivity,53,3,89,70,1,1,1,1
MalwareActivity,54,3,120,131,1,1,1,1
MalwareActivity,54,3,157,175,1,1,1,1
MalwareActivity,54,3,162,186,1,1,1,1
MalwareActivity,54,3,157,192,1,1,1,1
MalwareActivity,54,3,170,196,1,1,1,1
MalwareActivity,54,3,162,198,1,1,1,1
MalwareActivity,54,3,162,199,1,1,1,1
MalwareActivity,54,3,170,204,1,1,1,1
MalwareActivity,54,3,170,205,1,1,1,1
MalwareActivity,55,3,171,205,1,1,1,1
MalwareActivity,54,3,170,206,1,1,1,1
MalwareActivity,55,3,171,206,1,1,1,1
MalwareActivity,55,3,181,210,1,1,1,1
MalwareActivity,55,3,183,210,1,1,1,1
MalwareActivity,55,3,184,210,1,1,1,1
MalwareActivity,55,3,180,211,1,1,1,1
MalwareActivity,54,3,183,211,1,1,1,1
MalwareActivity,55,3,183,211,1,1,1,1
MalwareActivity,55,3,180,212,1,1,1,1
MalwareActivity,55,3,195,217,1,1,1,1
MalwareActivity,55,3,191,218,1,1,1,1
MalwareActivity,54,3,192,218,1,1,1,1
MalwareActivity,55,3,192,218,1,1,1,1
MalwareActivity,55,3,195,218,1,1,1,1
MalwareActivity_1110,55,4,60,0,1,1,1,0
MalwareActivity,55,4,53,1,1,1,1,1
MalwareActivity,56,4,53,1,1,1,1,1
MalwareActivity,55,4,53,2,1,1,1,1
MalwareActivity,56,4,53,2,1,1,1,1
MalwareActivity,56,4,54,2,1,1,1,1
MalwareActivity,57,4,62,2,1,1,1,1
MalwareActivity,54,4,53,3,1,1,1,1
MalwareActivity,56,4,54,3,1,1,1,1
MalwareActivity,57,4,54,3,1,1,1,1
MalwareActivity,56,4,58,3,1,1,1,1
MalwareActivity,44,4,42,4,1,1,1,1
MalwareActivity,58,4,54,4,1,1,1,1
MalwareActivity,59,4,55,4,1,1,1,1
MalwareActivity,54,4,56,4,1,1,1,1
MalwareActivity,56,4,56,4,1,1,1,1
MalwareActivity,57,4,56,4,1,1,1,1
MalwareActivity,58,4,56,4,1,1,1,1
MalwareActivity,57,4,58,4,1,1,1,1
MalwareActivity,41,4,42,5,1,1,1,1
MalwareActivity,42,4,42,5,1,1,1,1
MalwareActivity,43,4,42,5,1,1,1,1
MalwareActivity,55,4,55,5,1,1,1,1
MalwareActivity,54,4,56,5,1,1,1,1
MalwareActivity,57,4,56,5,1,1,1,1
MalwareActivity,58,4,57,5,1,1,1,1
MalwareActivity,59,4,57,5,1,1,1,1
MalwareActivity,55,4,58,5,1,1,1,1
MalwareActivity,58,4,58,5,1,1,1,1
MalwareActivity,41,4,43,6,1,1,1,1
MalwareActivity,54,4,57,6,1,1,1,1
MalwareActivity,55,4,57,6,1,1,1,1
MalwareActivity,56,4,57,6,1,1,1,1
MalwareActivity,54,4,58,6,1,1,1,1
MalwareActivity,55,4,58,6,1,1,1,1
MalwareActivity,55,4,59,6,1,1,1,1
MalwareActivity,54,4,57,7,1,1,1,1
MalwareActivity,54,4,58,7,1,1,1,1
MalwareActivity,55,4,58,7,1,1,1,1
MalwareActivity,54,4,59,7,1,1,1,1
MalwareActivity,56,4,59,7,1,1,1,1
MalwareActivity,56,4,55,8,1,1,1,1
MalwareActivity,57,4,55,8,1,1,1,1
MalwareActivity,58,4,55,8,1,1,1,1
MalwareActivity,54,4,58,8,1,1,1,1
MalwareActivity,55,4,58,8,1,1,1,1
MalwareActivity,56,4,58,8,1,1,1,1
MalwareActivity,54,4,59,8,1,1,1,1
MalwareActivity,55,4,59,8,1,1,1,1
MalwareActivity,54,4,60,8,1,1,1,1
MalwareActivity,42,4,46,9,1,1,1,1
MalwareActivity,56,4,53,9,1,1,1,1
MalwareActivity,58,4,57,9,1,1,1,1
MalwareActivity,54,4,58,9,1,1,1,1
MalwareActivity,55,4,58,9,1,1,1,1
MalwareActivity,54,4,59,9,1,1,1,1
MalwareActivity,55,4,59,9,1,1,1,1
MalwareActivity,54,4,60,9,1,1,1,1
MalwareActivity,55,4,60,9,1,1,1,1
MalwareActivity,55,4,59,10,1,1,1,1
MalwareActivity,54,4,60,10,1,1,1,1
MalwareActivity,55,4,60,10,1,1,1,1
MalwareActivity,56,4,60,10,1,1,1,1
MalwareActivity,56,4,58,11,1,1,1,1
MalwareActivity,55,4,54,12,1,1,1,1
MalwareActivity,54,4,60,12,1,1,1,1
MalwareActivity,54,4,61,12,1,1,1,1
MalwareActivity,54,4,61,13,1,1,1,1
MalwareActivity,54,4,62,13,1,1,1,1
MalwareActivity,55,4,62,13,1,1,1,1
MalwareActivity,54,4,63,13,1,1,1,1
MalwareActivity,54,4,60,14,1,1,1,1
MalwareActivity,55,4,60,14,1,1,1,1
MalwareActivity,55,4,61,14,1,1,1,1
MalwareActivity,56,4,65,14,1,1,1,1
MalwareActivity,55,4,60,15,1,1,1,1
MalwareActivity,54,4,61,15,1,1,1,1
MalwareActivity,55,4,61,15,1,1,1,1
MalwareActivity,54,4,62,15,1,1,1,1
MalwareActivity,55,4,62,15,1,1,1,1
MalwareActivity,55,4,63,15,1,1,1,1
MalwareActivity,56,4,63,15,1,1,1,1
MalwareActivity,56,4,66,15,1,1,1,1
MalwareActivity,56,4,67,15,1,1,1,1
MalwareActivity,56,4,69,15,1,1,1,1
MalwareActivity,56,4,70,15,1,1,1,1
MalwareActivity,55,4,62,16,1,1,1,1
MalwareActivity,54,4,60,17,1,1,1,1
MalwareActivity,54,4,61,17,1,1,1,1
MalwareActivity,55,4,61,17,1,1,1,1
MalwareActivity,54,4,63,17,1,1,1,1
MalwareActivity,54,4,61,18,1,1,1,1
MalwareActivity,54,4,62,18,1,1,1,1
MalwareActivity,54,4,62,19,1,1,1,1
MalwareActivity,56,4,70,21,1,1,1,1
MalwareActivity,55,4,70,26,1,1,1,1
MalwareActivity,56,4,70,26,1,1,1,1
MalwareActivity,54,4,66,31,1,1,1,1
MalwareActivity,54,4,67,31,1,1,1,1
MalwareActivity,54,4,67,32,1,1,1,1
MalwareActivity,54,4,68,32,1,1,1,1
MalwareActivity,54,4,68,33,1,1,1,1
MalwareActivity,54,4,69,33,1,1,1,1
MalwareActivity,54,4,67,34,1,1,1,1
MalwareActivity,54,4,68,34,1,1,1,1
MalwareActivity,55,4,68,34,1,1,1,1
MalwareActivity,54,4,68,35,1,1,1,1
MalwareActivity,54,4,69,35,1,1,1,1
MalwareActivity,55,4,69,35,1,1,1,1
MalwareActivity,54,4,70,35,1,1,1,1
MalwareActivity,54,4,68,36,1,1,1,1
MalwareActivity,55,4,68,36,1,1,1,1
MalwareActivity,54,4,71,36,1,1,1,1
MalwareActivity,54,4,72,36,1,1,1,1
MalwareActivity,54,4,69,37,1,1,1,1
MalwareActivity,55,4,69,37,1,1,1,1
MalwareActivity,54,4,69,38,1,1,1,1
MalwareActivity,54,4,70,38,1,1,1,1
MalwareActivity,55,4,70,38,1,1,1,1
MalwareActivity,55,4,71,38,1,1,1,1
MalwareActivity,54,4,71,39,1,1,1,1
MalwareActivity,54,4,72,39,1,1,1,1
MalwareActivity,54,4,72,40,1,1,1,1
MalwareActivity,54,4,74,42,1,1,1,1
MalwareActivity,56,4,108,70,1,1,1,1
MalwareActivity,55,4,136,175,1,1,1,1
MalwareActivity,55,4,162,198,1,1,1,1
MalwareActivity,55,4,171,199,1,1,1,1
MalwareActivity,55,4,171,206,1,1,1,1
MalwareActivity,56,4,181,211,1,1,1,1
MalwareActivity,55,4,183,211,1,1,1,1
MalwareActivity,55,4,181,212,1,1,1,1
MalwareActivity,55,4,192,218,1,1,1,1
MalwareActivity,55,4,193,218,1,1,1,1
MalwareActivity,56,4,193,218,1,1,1,1
MalwareActivity,55,4,196,218,1,1,1,1
MalwareActivity,56,4,196,218,1,1,1,1
MalwareActivity,55,4,192,219,1,1,1,1
MalwareActivity,54,4,193,219,1,1,1,1
MalwareActivity,55,4,193,219,1,1,1,1
MalwareActivity,56,4,193,219,1,1,1,1
MalwareActivity,56,4,192,220,1,1,1,1
MalwareActivity,55,4,193,220,1,1,1,1
MalwareActivity,55,4,206,225,1,1,1,1
MalwareActivity,60,5,54,4,1,1,1,1
MalwareActivity,58,5,55,4,1,1,1,1
MalwareActivity,54,5,59,4,1,1,1,1
MalwareActivity,42,5,42,5,1,1,1,1
MalwareActivity,43,5,42,5,1,1,1,1
MalwareActivity,44,5,42,5,1,1,1,1
MalwareActivity,58,5,57,5,1,1,1,1
MalwareActivity,43,5,42,6,1,1,1,1
MalwareActivity,42,5,43,6,1,1,1,1
MalwareActivity,43,5,43,6,1,1,1,1
MalwareActivity,54,5,58,6,1,1,1,1
MalwareActivity,42,5,44,7,1,1,1,1
MalwareActivity,43,5,44,7,1,1,1,1
MalwareActivity,43,5,46,7,1,1,1,1
MalwareActivity,54,5,58,7,1,1,1,1
MalwareActivity,55,5,58,7,1,1,1,1
MalwareActivity,54,5,59,7,1,1,1,1
MalwareActivity,55,5,60,7,1,1,1,1
MalwareActivity,42,5,44,8,1,1,1,1
MalwareActivity,42,5,46,8,1,1,1,1
MalwareActivity,43,5,46,8,1,1,1,1
MalwareActivity,44,5,46,8,1,1,1,1
MalwareActivity,43,5,47,8,1,1,1,1
MalwareActivity,44,5,47,8,1,1,1,1
MalwareActivity,43,5,48,8,1,1,1,1
MalwareActivity,44,5,48,8,1,1,1,1
MalwareActivity,43,5,49,8,1,1,1,1
MalwareActivity,55,5,55,8,1,1,1,1
MalwareActivity,56,5,55,8,1,1,1,1
MalwareActivity,57,5,55,8,1,1,1,1
MalwareActivity,58,5,55,8,1,1,1,1
MalwareActivity,54,5,58,8,1,1,1,1
MalwareActivity,55,5,58,8,1,1,1,1
MalwareActivity,56,5,58,8,1,1,1,1
MalwareActivity,54,5,59,8,1,1,1,1
MalwareActivity,55,5,59,8,1,1,1,1
MalwareActivity,55,5,60,8,1,1,1,1
MalwareActivity,42,5,45,9,1,1,1,1
MalwareActivity,43,5,46,9,1,1,1,1
MalwareActivity,42,5,47,9,1,1,1,1
MalwareActivity,43,5,47,9,1,1,1,1
MalwareActivity,44,5,47,9,1,1,1,1
MalwareActivity,43,5,48,9,1,1,1,1
MalwareActivity,44,5,48,9,1,1,1,1
MalwareActivity,58,5,57,9,1,1,1,1
MalwareActivity,54,5,58,9,1,1,1,1
MalwareActivity,55,5,58,9,1,1,1,1
MalwareActivity,56,5,58,9,1,1,1,1
MalwareActivity,54,5,59,9,1,1,1,1
MalwareActivity,55,5,59,9,1,1,1,1
MalwareActivity,54,5,60,9,1,1,1,1
MalwareActivity,55,5,60,9,1,1,1,1
MalwareActivity,55,5,61,9,1,1,1,1
MalwareActivity,56,5,61,9,1,1,1,1
MalwareActivity,43,5,47,10,1,1,1,1
MalwareActivity,43,5,48,10,1,1,1,1
MalwareActivity,44,5,48,10,1,1,1,1
MalwareActivity,54,5,48,10,1,1,1,1
MalwareActivity,44,5,49,10,1,1,1,1
MalwareActivity,55,5,59,10,1,1,1,1
MalwareActivity,56,5,59,10,1,1,1,1
MalwareActivity,55,5,60,10,1,1,1,1
MalwareActivity,56,5,60,10,1,1,1,1
MalwareActivity,55,5,63,10,1,1,1,1
MalwareActivity,56,5,59,11,1,1,1,1
MalwareActivity,56,5,60,11,1,1,1,1
MalwareActivity,55,5,62,11,1,1,1,1
MalwareActivity,55,5,60,12,1,1,1,1
MalwareActivity,55,5,61,12,1,1,1,1
MalwareActivity,56,5,60,13,1,1,1,1
MalwareActivity,57,5,60,13,1,1,1,1
MalwareActivity,56,5,61,13,1,1,1,1
MalwareActivity,57,5,61,13,1,1,1,1
MalwareActivity,54,5,62,13,1,1,1,1
MalwareActivity,54,5,63,13,1,1,1,1
MalwareActivity,55,5,63,13,1,1,1,1
MalwareActivity,56,5,60,14,1,1,1,1
MalwareActivity,57,5,60,14,1,1,1,1
MalwareActivity,56,5,61,14,1,1,1,1
MalwareActivity,56,5,62,14,1,1,1,1
MalwareActivity,55,5,61,15,1,1,1,1
MalwareActivity,56,5,61,15,1,1,1,1
MalwareActivity,55,5,62,15,1,1,1,1
MalwareActivity,56,5,62,15,1,1,1,1
MalwareActivity,55,5,66,15,1,1,1,1
MalwareActivity,56,5,66,15,1,1,1,1
MalwareActivity,57,5,66,15,1,1,1,1
MalwareActivity,57,5,70,15,1,1,1,1
MalwareActivity,57,5,71,15,1,1,1,1
MalwareActivity,55,5,62,16,1,1,1,1
MalwareActivity,55,5,63,16,1,1,1,1
MalwareActivity,55,5,64,16,1,1,1,1
MalwareActivity,56,5,67,16,1,1,1,1
MalwareActivity,57,5,70,16,1,1,1,1
MalwareActivity,56,5,71,16,1,1,1,1
MalwareActivity,57,5,71,16,1,1,1,1
MalwareActivity,54,5,61,17,1,1,1,1
MalwareActivity,55,5,61,17,1,1,1,1
MalwareActivity,57,5,68,17,1,1,1,1
MalwareActivity,57,5,70,17,1,1,1,1
MalwareActivity,54,5,61,18,1,1,1,1
MalwareActivity,55,5,61,18,1,1,1,1
MalwareActivity,54,5,62,18,1,1,1,1
MalwareActivity,54,5,63,18,1,1,1,1
MalwareActivity,54,5,62,19,1,1,1,1
MalwareActivity,54,5,63,19,1,1,1,1
MalwareActivity,54,5,64,19,1,1,1,1
MalwareActivity,41,5,51,22,1,1,1,1
MalwareActivity,54,5,67,31,1,1,1,1
MalwareActivity,55,5,67,31,1,1,1,1
MalwareActivity,54,5,67,32,1,1,1,1
MalwareActivity,54,5,68,33,1,1,1,1
MalwareActivity,54,5,69,33,1,1,1,1
MalwareActivity,54,5,67,34,1,1,1,1
MalwareActivity,54,5,68,34,1,1,1,1
MalwareActivity,55,5,68,34,1,1,1,1
MalwareActivity,54,5,68,35,1,1,1,1
MalwareActivity,55,5,68,35,1,1,1,1
MalwareActivity,55,5,68,36,1,1,1,1
MalwareActivity,54,5,69,36,1,1,1,1
MalwareActivity,54,5,70,36,1,1,1,1
MalwareActivity,54,5,69,37,1,1,1,1
MalwareActivity,55,5,69,37,1,1,1,1
MalwareActivity,55,5,70,38,1,1,1,1
MalwareActivity,55,5,71,38,1,1,1,1
MalwareActivity,55,5,74,38,1,1,1,1
MalwareActivity,55,5,75,38,1,1,1,1
MalwareActivity,55,5,71,39,1,1,1,1
MalwareActivity,54,5,74,39,1,1,1,1
MalwareActivity,55,5,76,41,1,1,1,1
MalwareActivity,54,5,75,42,1,1,1,1
MalwareActivity,55,5,80,45,1,1,1,1
MalwareActivity,57,5,72,48,1,1,1,1
MalwareActivity,56,5,75,52,1,1,1,1
MalwareActivity,55,5,75,56,1,1,1,1
MalwareActivity,56,5,75,56,1,1,1,1
MalwareActivity,56,5,74,57,1,1,1,1
MalwareActivity,41,5,89,58,1,1,1,1
MalwareActivity,55,5,74,73,1,1,1,1
MalwareActivity,56,5,76,76,1,1,1,1
MalwareActivity,54,5,80,94,1,1,1,1
MalwareActivity,55,5,80,94,1,1,1,1
MalwareActivity,54,5,80,95,1,1,1,1
MalwareActivity,55,5,80,95,1,1,1,1
MalwareActivity,55,5,81,95,1,1,1,1
MalwareActivity,55,5,84,103,1,1,1,1
MalwareActivity,55,5,145,150,1,1,1,1
MalwareActivity,56,5,158,155,1,1,1,1
MalwareActivity,56,5,162,158,1,1,1,1
MalwareActivity,56,5,162,159,1,1,1,1
MalwareActivity,55,5,168,161,1,1,1,1
MalwareActivity,56,5,168,161,1,1,1,1
MalwareActivity,55,5,175,163,1,1,1,1
MalwareActivity,56,5,175,163,1,1,1,1
MalwareActivity,55,5,145,190,1,1,1,1
MalwareActivity,55,5,169,199,1,1,1,1
MalwareActivity,56,5,161,201,1,1,1,1
MalwareActivity,55,5,171,206,1,1,1,1
MalwareActivity,55,5,192,218,1,1,1,1
MalwareActivity,56,5,193,219,1,1,1,1
MalwareActivity,55,5,207,224,1,1,1,1
MalwareActivity,56,5,210,224,1,1,1,1
MalwareActivity,55,5,206,225,1,1,1,1
MalwareActivity,56,5,206,225,1,1,1,1
MalwareActivity,43,6,41,2,1,1,1,1
MalwareActivity,43,6,41,3,1,1,1,1
MalwareActivity,43,6,42,3,1,1,1,1
MalwareActivity,43,6,42,4,1,1,1,1
MalwareActivity,60,6,54,4,1,1,1,1
MalwareActivity,58,6,56,4,1,1,1,1
MalwareActivity,43,6,42,5,1,1,1,1
MalwareActivity,44,6,42,5,1,1,1,1
MalwareActivity,53,6,57,5,1,1,1,1
MalwareActivity,43,6,45,6,1,1,1,1
MalwareActivity,43,6,46,6,1,1,1,1
MalwareActivity,56,6,56,6,1,1,1,1
MalwareActivity,56,6,57,6,1,1,1,1
MalwareActivity,56,6,58,6,1,1,1,1
MalwareActivity,56,6,60,6,1,1,1,1
MalwareActivity,44,6,48,7,1,1,1,1
MalwareActivity,55,6,58,7,1,1,1,1
MalwareActivity,44,6,44,8,1,1,1,1
MalwareActivity,56,6,46,8,1,1,1,1
MalwareActivity,44,6,47,8,1,1,1,1
MalwareActivity,55,6,58,8,1,1,1,1
MalwareActivity,54,6,59,8,1,1,1,1
MalwareActivity,55,6,60,8,1,1,1,1
MalwareActivity,55,6,61,8,1,1,1,1
MalwareActivity,56,6,61,8,1,1,1,1
MalwareActivity,43,6,46,9,1,1,1,1
MalwareActivity,44,6,47,9,1,1,1,1
MalwareActivity,45,6,47,9,1,1,1,1
MalwareActivity,45,6,48,9,1,1,1,1
MalwareActivity,44,6,50,9,1,1,1,1
MalwareActivity,55,6,58,9,1,1,1,1
MalwareActivity,54,6,59,9,1,1,1,1
MalwareActivity,55,6,59,9,1,1,1,1
MalwareActivity,56,6,59,9,1,1,1,1
MalwareActivity,54,6,60,9,1,1,1,1
MalwareActivity,55,6,60,9,1,1,1,1
MalwareActivity,55,6,61,9,1,1,1,1
MalwareActivity,56,6,61,9,1,1,1,1
MalwareActivity,56,6,62,9,1,1,1,1
MalwareActivity,42,6,46,10,1,1,1,1
MalwareActivity,42,6,47,10,1,1,1,1
MalwareActivity,43,6,47,10,1,1,1,1
MalwareActivity,45,6,50,10,1,1,1,1
MalwareActivity,58,6,54,10,1,1,1,1
MalwareActivity,56,6,59,10,1,1,1,1
MalwareActivity,57,6,59,10,1,1,1,1
MalwareActivity,56,6,62,10,1,1,1,1
MalwareActivity,44,6,46,11,1,1,1,1
MalwareActivity,45,6,46,11,1,1,1,1
MalwareActivity,43,6,47,11,1,1,1,1
MalwareActivity,43,6,48,11,1,1,1,1
MalwareActivity,57,6,59,11,1,1,1,1
MalwareActivity,44,6,46,12,1,1,1,1
MalwareActivity,44,6,47,12,1,1,1,1
MalwareActivity,56,6,59,12,1,1,1,1
MalwareActivity,43,6,47,13,1,1,1,1
MalwareActivity,54,6,48,14,1,1,1,1
MalwareActivity,59,6,50,14,1,1,1,1
MalwareActivity,56,6,60,14,1,1,1,1
MalwareActivity,57,6,60,14,1,1,1,1
MalwareActivity,56,6,61,14,1,1,1,1
MalwareActivity,55,6,62,14,1,1,1,1
MalwareActivity,55,6,61,15,1,1,1,1
MalwareActivity,56,6,61,15,1,1,1,1
MalwareActivity,55,6,62,15,1,1,1,1
MalwareActivity,56,6,64,15,1,1,1,1
MalwareActivity,57,6,70,15,1,1,1,1
MalwareActivity,57,6,71,15,1,1,1,1
MalwareActivity,55,6,61,16,1,1,1,1
MalwareActivity,55,6,63,16,1,1,1,1
MalwareActivity,56,6,64,16,1,1,1,1
MalwareActivity,57,6,64,16,1,1,1,1
MalwareActivity,56,6,65,16,1,1,1,1
MalwareActivity,57,6,65,16,1,1,1,1
MalwareActivity,57,6,67,16,1,1,1,1
MalwareActivity,57,6,68,16,1,1,1,1
MalwareActivity,58,6,68,16,1,1,1,1
MalwareActivity,57,6,69,16,1,1,1,1
MalwareActivity,58,6,69,16,1,1,1,1
MalwareActivity,57,6,70,16,1,1,1,1
MalwareActivity,57,6,71,16,1,1,1,1
MalwareActivity,58,6,72,16,1,1,1,1
MalwareActivity,43,6,47,17,1,1,1,1
MalwareActivity,54,6,63,17,1,1,1,1
MalwareActivity,55,6,65,17,1,1,1,1
MalwareActivity,57,6,69,17,1,1,1,1
MalwareActivity,58,6,69,17,1,1,1,1
MalwareActivity,57,6,70,17,1,1,1,1
MalwareActivity,58,6,70,17,1,1,1,1
MalwareActivity,57,6,72,17,1,1,1,1
MalwareActivity,54,6,62,18,1,1,1,1
MalwareActivity,55,6,62,18,1,1,1,1
MalwareActivity,55,6,63,19,1,1,1,1
MalwareActivity,55,6,64,19,1,1,1,1
MalwareActivity,43,6,48,20,1,1,1,1
MalwareActivity,44,6,49,27,1,1,1,1
MalwareActivity,57,6,68,27,1,1,1,1
MalwareActivity,43,6,50,28,1,1,1,1
MalwareActivity,43,6,51,28,1,1,1,1
MalwareActivity,44,6,51,28,1,1,1,1
MalwareActivity,43,6,52,28,1,1,1,1
MalwareActivity,43,6,51,29,1,1,1,1
MalwareActivity,44,6,51,29,1,1,1,1
MalwareActivity,43,6,52,29,1,1,1,1
MalwareActivity,55,6,68,34,1,1,1,1
MalwareActivity,55,6,68,35,1,1,1,1
MalwareActivity,55,6,71,39,1,1,1,1
MalwareActivity,55,6,77,43,1,1,1,1
MalwareActivity,55,6,78,44,1,1,1,1
MalwareActivity,43,6,58,46,1,1,1,1
MalwareActivity,57,6,71,47,1,1,1,1
MalwareActivity,55,6,71,51,1,1,1,1
MalwareActivity,58,6,77,51,1,1,1,1
MalwareActivity,58,6,75,52,1,1,1,1
MalwareActivity,56,6,74,54,1,1,1,1
MalwareActivity,55,6,84,54,1,1,1,1
MalwareActivity,55,6,72,55,1,1,1,1
MalwareActivity,56,6,75,56,1,1,1,1
MalwareActivity,56,6,77,58,1,1,1,1
MalwareActivity,56,6,78,58,1,1,1,1
MalwareActivity,57,6,78,58,1,1,1,1
MalwareActivity,75,6,69,59,1,1,1,1
MalwareActivity,57,6,75,59,1,1,1,1
MalwareActivity,56,6,76,59,1,1,1,1
MalwareActivity,56,6,77,59,1,1,1,1
MalwareActivity,57,6,77,59,1,1,1,1
MalwareActivity,57,6,78,59,1,1,1,1
MalwareActivity,57,6,78,61,1,1,1,1
MalwareActivity,57,6,79,61,1,1,1,1
MalwareActivity,58,6,79,61,1,1,1,1
MalwareActivity,57,6,80,61,1,1,1,1
MalwareActivity,56,6,82,63,1,1,1,1
MalwareActivity,56,6,78,78,1,1,1,1
MalwareActivity,55,6,79,81,1,1,1,1
MalwareActivity,56,6,80,81,1,1,1,1
MalwareActivity,43,6,64,82,1,1,1,1
MalwareActivity,57,6,102,90,1,1,1,1
MalwareActivity,55,6,78,91,1,1,1,1
MalwareActivity,55,6,79,91,1,1,1,1
MalwareActivity,56,6,79,93,1,1,1,1
MalwareActivity,55,6,80,94,1,1,1,1
MalwareActivity,56,6,107,125,1,1,1,1
MalwareActivity,43,6,97,153,1,1,1,1
MalwareActivity,43,6,99,155,1,1,1,1
MalwareActivity,56,6,157,156,1,1,1,1
MalwareActivity,43,6,101,157,1,1,1,1
MalwareActivity,56,6,162,158,1,1,1,1
MalwareActivity,56,6,168,161,1,1,1,1
MalwareActivity,56,6,175,163,1,1,1,1
MalwareActivity,45,6,143,193,1,1,1,1
MalwareActivity,56,6,207,225,1,1,1,1
MalwareActivity,56,6,162,227,1,1,1,1
MalwareActivity,55,6,634,790,1,1,1,1
MalwareActivity,55,6,887,1666,1,1,1,1
MalwareActivity_1110,54,7,44,0,1,1,1,0
MalwareActivity_1110,55,7,44,0,1,1,1,0
MalwareActivity_1110,54,7,48,0,1,1,1,0
MalwareActivity_1110,55,7,48,0,1,1,1,0
MalwareActivity_1110,55,7,52,0,1,1,1,0
MalwareActivity,55,7,42,2,1,1,1,1
MalwareActivity,56,7,42,2,1,1,1,1
MalwareActivity,57,7,54,4,1,1,1,1
MalwareActivity,58,7,54,4,1,1,1,1
MalwareActivity,58,7,56,4,1,1,1,1
MalwareActivity,57,7,57,4,1,1,1,1
MalwareActivity,65,7,56,5,1,1,1,1
MalwareActivity,44,7,45,6,1,1,1,1
MalwareActivity,46,7,45,6,1,1,1,1
MalwareActivity,56,7,56,6,1,1,1,1
MalwareActivity,57,7,56,6,1,1,1,1
MalwareActivity,54,7,57,6,1,1,1,1
MalwareActivity,57,7,57,6,1,1,1,1
MalwareActivity,58,7,57,6,1,1,1,1
MalwareActivity,44,7,45,7,1,1,1,1
MalwareActivity,44,7,49,8,1,1,1,1
MalwareActivity,56,7,60,8,1,1,1,1
MalwareActivity,43,7,44,9,1,1,1,1
MalwareActivity,43,7,45,9,1,1,1,1
MalwareActivity,44,7,45,9,1,1,1,1
MalwareActivity,44,7,49,9,1,1,1,1
MalwareActivity,44,7,50,9,1,1,1,1
MalwareActivity,55,7,58,9,1,1,1,1
MalwareActivity,56,7,59,9,1,1,1,1
MalwareActivity,56,7,62,9,1,1,1,1
MalwareActivity,43,7,45,10,1,1,1,1
MalwareActivity,44,7,45,10,1,1,1,1
MalwareActivity,42,7,46,10,1,1,1,1
MalwareActivity,43,7,46,10,1,1,1,1
MalwareActivity,44,7,46,10,1,1,1,1
MalwareActivity,45,7,46,10,1,1,1,1
MalwareActivity,43,7,47,10,1,1,1,1
MalwareActivity,44,7,50,10,1,1,1,1
MalwareActivity,45,7,50,10,1,1,1,1
MalwareActivity,57,7,50,10,1,1,1,1
MalwareActivity,57,7,54,10,1,1,1,1
MalwareActivity,58,7,54,10,1,1,1,1
MalwareActivity,59,7,54,10,1,1,1,1
MalwareActivity,43,7,46,11,1,1,1,1
MalwareActivity,44,7,46,11,1,1,1,1
MalwareActivity,43,7,47,11,1,1,1,1
MalwareActivity,43,7,48,11,1,1,1,1
MalwareActivity,44,7,48,11,1,1,1,1
MalwareActivity,44,7,50,11,1,1,1,1
MalwareActivity,57,7,59,11,1,1,1,1
MalwareActivity,43,7,46,12,1,1,1,1
MalwareActivity,44,7,46,12,1,1,1,1
MalwareActivity,45,7,46,12,1,1,1,1
MalwareActivity,45,7,47,12,1,1,1,1
MalwareActivity,44,7,48,12,1,1,1,1
MalwareActivity,45,7,48,12,1,1,1,1
MalwareActivity,45,7,49,12,1,1,1,1
MalwareActivity,57,7,61,13,1,1,1,1
MalwareActivity,43,7,47,14,1,1,1,1
MalwareActivity,58,7,60,14,1,1,1,1
MalwareActivity,56,7,61,14,1,1,1,1
MalwareActivity,57,7,61,14,1,1,1,1
MalwareActivity,57,7,61,15,1,1,1,1
MalwareActivity,56,7,64,15,1,1,1,1
MalwareActivity,44,7,53,16,1,1,1,1
MalwareActivity,56,7,65,16,1,1,1,1
MalwareActivity,58,7,68,16,1,1,1,1
MalwareActivity,58,7,69,16,1,1,1,1
MalwareActivity,59,7,69,16,1,1,1,1
MalwareActivity,57,7,70,16,1,1,1,1
MalwareActivity,58,7,70,16,1,1,1,1
MalwareActivity,57,7,71,16,1,1,1,1
MalwareActivity,58,7,71,16,1,1,1,1
MalwareActivity,58,7,63,17,1,1,1,1
MalwareActivity,58,7,69,17,1,1,1,1
MalwareActivity,57,7,70,17,1,1,1,1
MalwareActivity,58,7,70,17,1,1,1,1
MalwareActivity,57,7,72,17,1,1,1,1
MalwareActivity,58,7,72,17,1,1,1,1
MalwareActivity,55,7,61,18,1,1,1,1
MalwareActivity,58,7,69,18,1,1,1,1
MalwareActivity,58,7,70,18,1,1,1,1
MalwareActivity,58,7,71,18,1,1,1,1
MalwareActivity,43,7,46,20,1,1,1,1
MalwareActivity,43,7,47,20,1,1,1,1
MalwareActivity,43,7,47,21,1,1,1,1
MalwareActivity,56,7,65,21,1,1,1,1
MalwareActivity,45,7,47,22,1,1,1,1
MalwareActivity,43,7,48,22,1,1,1,1
MalwareActivity,44,7,48,22,1,1,1,1
MalwareActivity,44,7,48,23,1,1,1,1
MalwareActivity,44,7,54,26,1,1,1,1
MalwareActivity,43,7,52,28,1,1,1,1
MalwareActivity,44,7,52,28,1,1,1,1
MalwareActivity,46,7,66,32,1,1,1,1
MalwareActivity,57,7,74,46,1,1,1,1
MalwareActivity,57,7,77,51,1,1,1,1
MalwareActivity,58,7,77,51,1,1,1,1
MalwareActivity,57,7,80,51,1,1,1,1
MalwareActivity,55,7,72,53,1,1,1,1
MalwareActivity,56,7,72,53,1,1,1,1
MalwareActivity,55,7,75,56,1,1,1,1
MalwareActivity,56,7,75,56,1,1,1,1
MalwareActivity,56,7,76,56,1,1,1,1
MalwareActivity,56,7,73,57,1,1,1,1
MalwareActivity,55,7,75,57,1,1,1,1
MalwareActivity,56,7,76,58,1,1,1,1
MalwareActivity,56,7,77,58,1,1,1,1
MalwareActivity,57,7,78,58,1,1,1,1
MalwareActivity,55,7,75,59,1,1,1,1
MalwareActivity,57,7,76,59,1,1,1,1
MalwareActivity,56,7,77,59,1,1,1,1
MalwareActivity,57,7,75,61,1,1,1,1
MalwareActivity,57,7,76,61,1,1,1,1
MalwareActivity,57,7,79,61,1,1,1,1
MalwareActivity,56,7,82,63,1,1,1,1
MalwareActivity,57,7,82,63,1,1,1,1
MalwareActivity,58,7,82,63,1,1,1,1
MalwareActivity,57,7,90,70,1,1,1,1
MalwareActivity,57,7,86,72,1,1,1,1
MalwareActivity,57,7,84,73,1,1,1,1
MalwareActivity,44,7,63,74,1,1,1,1
MalwareActivity,45,7,63,74,1,1,1,1
MalwareActivity,44,7,62,76,1,1,1,1
MalwareActivity,44,7,63,76,1,1,1,1
MalwareActivity,44,7,63,77,1,1,1,1
MalwareActivity,45,7,63,77,1,1,1,1
MalwareActivity,43,7,64,80,1,1,1,1
MalwareActivity,44,7,64,80,1,1,1,1
MalwareActivity,45,7,64,80,1,1,1,1
MalwareActivity,44,7,66,84,1,1,1,1
MalwareActivity,45,7,66,84,1,1,1,1
MalwareActivity,43,7,65,93,1,1,1,1
MalwareActivity,57,7,99,102,1,1,1,1
MalwareActivity,43,7,73,114,1,1,1,1
MalwareActivity,57,7,136,138,1,1,1,1
MalwareActivity,43,7,88,141,1,1,1,1
MalwareActivity,57,7,125,141,1,1,1,1
MalwareActivity,57,7,126,142,1,1,1,1
MalwareActivity,43,7,92,146,1,1,1,1
MalwareActivity,44,7,92,146,1,1,1,1
MalwareActivity,44,7,94,150,1,1,1,1
MalwareActivity,43,7,96,151,1,1,1,1
MalwareActivity,44,7,96,151,1,1,1,1
MalwareActivity,57,7,130,151,1,1,1,1
MalwareActivity,43,7,97,153,1,1,1,1
MalwareActivity,44,7,97,153,1,1,1,1
MalwareActivity,43,7,99,155,1,1,1,1
MalwareActivity,44,7,99,155,1,1,1,1
MalwareActivity,43,7,101,157,1,1,1,1
MalwareActivity,44,7,101,157,1,1,1,1
MalwareActivity,57,7,162,158,1,1,1,1
MalwareActivity,43,7,103,159,1,1,1,1
MalwareActivity,44,7,103,159,1,1,1,1
MalwareActivity,43,7,105,161,1,1,1,1
MalwareActivity,57,7,135,161,1,1,1,1
MalwareActivity,57,7,169,161,1,1,1,1
MalwareActivity,57,7,144,164,1,1,1,1
MalwareActivity,57,7,138,168,1,1,1,1
MalwareActivity,58,7,153,168,1,1,1,1
MalwareActivity,57,7,139,169,1,1,1,1
MalwareActivity,57,7,150,191,1,1,1,1
MalwareActivity,57,7,152,194,1,1,1,1
MalwareActivity,57,7,180,196,1,1,1,1
MalwareActivity,57,7,170,219,1,1,1,1
MalwareActivity,57,7,175,230,1,1,1,1
MalwareActivity,56,7,175,241,1,1,1,1
MalwareActivity,57,7,175,241,1,1,1,1
MalwareActivity,56,7,183,243,1,1,1,1
MalwareActivity,57,7,178,247,1,1,1,1
MalwareActivity,56,7,158,272,1,1,1,1
MalwareActivity,57,7,223,290,1,1,1,1
MalwareActivity,56,7,237,368,1,1,1,1
MalwareActivity,57,7,243,377,1,1,1,1
MalwareActivity,56,7,417,613,1,1,1,1
MalwareActivity,56,7,483,672,1,1,1,1
MalwareActivity,56,7,473,675,1,1,1,1
MalwareActivity,56,7,417,716,1,1,1,1
MalwareActivity,56,7,418,721,1,1,1,1
MalwareActivity,56,7,537,833,1,1,1,1
MalwareActivity,57,7,1446,1960,1,1,1,1
MalwareActivity,54,8,42,2,1,1,1,1
MalwareActivity,55,8,42,2,1,1,1,1
MalwareActivity,54,8,54,3,1,1,1,1
MalwareActivity,58,8,54,4,1,1,1,1
MalwareActivity,60,8,54,4,1,1,1,1
MalwareActivity,63,8,54,4,1,1,1,1
MalwareActivity,60,8,56,4,1,1,1,1
MalwareActivity,45,8,45,6,1,1,1,1
MalwareActivity,46,8,45,6,1,1,1,1
MalwareActivity,48,8,45,6,1,1,1,1
MalwareActivity,56,8,57,6,1,1,1,1
MalwareActivity,58,8,57,6,1,1,1,1
MalwareActivity,55,8,58,6,1,1,1,1
MalwareActivity,58,8,58,6,1,1,1,1
MalwareActivity,59,8,58,6,1,1,1,1
MalwareActivity,44,8,45,7,1,1,1,1
MalwareActivity,45,8,45,7,1,1,1,1
MalwareActivity,58,8,57,7,1,1,1,1
MalwareActivity,44,8,45,8,1,1,1,1
MalwareActivity,45,8,45,8,1,1,1,1
MalwareActivity,46,8,45,8,1,1,1,1
MalwareActivity,47,8,45,8,1,1,1,1
MalwareActivity,44,8,46,8,1,1,1,1
MalwareActivity,45,8,46,8,1,1,1,1
MalwareActivity,46,8,46,8,1,1,1,1
MalwareActivity,44,8,44,9,1,1,1,1
MalwareActivity,45,8,45,10,1,1,1,1
MalwareActivity,44,8,47,10,1,1,1,1
MalwareActivity,58,8,50,10,1,1,1,1
MalwareActivity,57,8,54,10,1,1,1,1
MalwareActivity,59,8,54,10,1,1,1,1
MalwareActivity,43,8,45,11,1,1,1,1
MalwareActivity,44,8,45,11,1,1,1,1
MalwareActivity,44,8,46,11,1,1,1,1
MalwareActivity,46,8,47,11,1,1,1,1
MalwareActivity,47,8,47,11,1,1,1,1
MalwareActivity,46,8,49,11,1,1,1,1
MalwareActivity,58,8,54,11,1,1,1,1
MalwareActivity,44,8,46,12,1,1,1,1
MalwareActivity,45,8,46,12,1,1,1,1
MalwareActivity,46,8,46,12,1,1,1,1
MalwareActivity,44,8,47,12,1,1,1,1
MalwareActivity,45,8,47,12,1,1,1,1
MalwareActivity,46,8,47,12,1,1,1,1
MalwareActivity,45,8,48,12,1,1,1,1
MalwareActivity,46,8,48,12,1,1,1,1
MalwareActivity,45,8,49,12,1,1,1,1
MalwareActivity,45,8,48,13,1,1,1,1
MalwareActivity,57,8,61,14,1,1,1,1
MalwareActivity,57,8,69,15,1,1,1,1
MalwareActivity,57,8,66,16,1,1,1,1
MalwareActivity,57,8,67,16,1,1,1,1
MalwareActivity,58,8,68,16,1,1,1,1
MalwareActivity,59,8,68,16,1,1,1,1
MalwareActivity,57,8,69,16,1,1,1,1
MalwareActivity,58,8,70,16,1,1,1,1
MalwareActivity,59,8,70,16,1,1,1,1
MalwareActivity,43,8,53,17,1,1,1,1
MalwareActivity,44,8,53,17,1,1,1,1
MalwareActivity,58,8,72,17,1,1,1,1
MalwareActivity,58,8,69,18,1,1,1,1
MalwareActivity,58,8,71,18,1,1,1,1
MalwareActivity,44,8,46,21,1,1,1,1
MalwareActivity,45,8,47,21,1,1,1,1
MalwareActivity,45,8,48,21,1,1,1,1
MalwareActivity,45,8,48,22,1,1,1,1
MalwareActivity,54,8,49,23,1,1,1,1
MalwareActivity,56,8,75,56,1,1,1,1
MalwareActivity,56,8,76,56,1,1,1,1
MalwareActivity,57,8,83,57,1,1,1,1
MalwareActivity,56,8,75,58,1,1,1,1
MalwareActivity,56,8,76,58,1,1,1,1
MalwareActivity,56,8,77,58,1,1,1,1
MalwareActivity,57,8,77,58,1,1,1,1
MalwareActivity,57,8,78,58,1,1,1,1
MalwareActivity,57,8,77,59,1,1,1,1
MalwareActivity,57,8,77,61,1,1,1,1
MalwareActivity,57,8,78,61,1,1,1,1
MalwareActivity,56,8,79,61,1,1,1,1
MalwareActivity,57,8,79,61,1,1,1,1
MalwareActivity,58,8,79,61,1,1,1,1
MalwareActivity,57,8,80,61,1,1,1,1
MalwareActivity,58,8,80,61,1,1,1,1
MalwareActivity,57,8,79,63,1,1,1,1
MalwareActivity,57,8,80,63,1,1,1,1
MalwareActivity,57,8,82,64,1,1,1,1
MalwareActivity,58,8,82,64,1,1,1,1
MalwareActivity,58,8,83,64,1,1,1,1
MalwareActivity,59,8,93,68,1,1,1,1
MalwareActivity,57,8,85,73,1,1,1,1
MalwareActivity,44,8,62,74,1,1,1,1
MalwareActivity,45,8,62,76,1,1,1,1
MalwareActivity,44,8,62,77,1,1,1,1
MalwareActivity,45,8,62,77,1,1,1,1
MalwareActivity,44,8,63,77,1,1,1,1
MalwareActivity,45,8,63,77,1,1,1,1
MalwareActivity,44,8,64,77,1,1,1,1
MalwareActivity,45,8,64,77,1,1,1,1
MalwareActivity,54,8,86,77,1,1,1,1
MalwareActivity,46,8,64,78,1,1,1,1
MalwareActivity,44,8,63,79,1,1,1,1
MalwareActivity,45,8,63,79,1,1,1,1
MalwareActivity,46,8,63,79,1,1,1,1
MalwareActivity,44,8,64,79,1,1,1,1
MalwareActivity,46,8,64,79,1,1,1,1
MalwareActivity,44,8,64,80,1,1,1,1
MalwareActivity,45,8,64,80,1,1,1,1
MalwareActivity,46,8,64,80,1,1,1,1
MalwareActivity,46,8,66,80,1,1,1,1
MalwareActivity,44,8,65,82,1,1,1,1
MalwareActivity,45,8,65,82,1,1,1,1
MalwareActivity,46,8,65,82,1,1,1,1
MalwareActivity,44,8,60,84,1,1,1,1
MalwareActivity,45,8,60,84,1,1,1,1
MalwareActivity,46,8,60,84,1,1,1,1
MalwareActivity,44,8,63,84,1,1,1,1
MalwareActivity,45,8,67,84,1,1,1,1
MalwareActivity,46,8,62,88,1,1,1,1
MalwareActivity,44,8,64,89,1,1,1,1
MalwareActivity,43,8,64,91,1,1,1,1
MalwareActivity,44,8,64,91,1,1,1,1
MalwareActivity,44,8,65,91,1,1,1,1
MalwareActivity,43,8,65,93,1,1,1,1
MalwareActivity,44,8,65,93,1,1,1,1
MalwareActivity,44,8,66,93,1,1,1,1
MalwareActivity,43,8,66,94,1,1,1,1
MalwareActivity,44,8,66,94,1,1,1,1
MalwareActivity,45,8,66,94,1,1,1,1
MalwareActivity,44,8,67,94,1,1,1,1
MalwareActivity,74,8,78,112,1,1,1,1
MalwareActivity,45,8,79,115,1,1,1,1
MalwareActivity,44,8,96,138,1,1,1,1
MalwareActivity,44,8,88,141,1,1,1,1
MalwareActivity,43,8,92,146,1,1,1,1
MalwareActivity,44,8,93,148,1,1,1,1
MalwareActivity,44,8,94,150,1,1,1,1
MalwareActivity,44,8,96,151,1,1,1,1
MalwareActivity,44,8,97,153,1,1,1,1
MalwareActivity,44,8,99,155,1,1,1,1
MalwareActivity,44,8,101,157,1,1,1,1
MalwareActivity,44,8,105,164,1,1,1,1
MalwareActivity,45,8,110,169,1,1,1,1
MalwareActivity,45,8,128,170,1,1,1,1
MalwareActivity,44,8,112,171,1,1,1,1
MalwareActivity,45,8,112,171,1,1,1,1
MalwareActivity,45,8,154,212,1,1,1,1
Benign_1100,329,9,0,0,1,1,0,0
MalwareActivity,53,9,42,2,1,1,1,1
MalwareActivity,60,9,54,4,1,1,1,1
MalwareActivity,47,9,49,6,1,1,1,1
MalwareActivity,57,9,57,6,1,1,1,1
MalwareActivity,46,9,45,8,1,1,1,1
MalwareActivity,47,9,45,8,1,1,1,1
MalwareActivity,48,9,45,8,1,1,1,1
MalwareActivity,45,9,46,8,1,1,1,1
MalwareActivity,44,9,47,10,1,1,1,1
MalwareActivity,60,9,50,10,1,1,1,1
MalwareActivity,44,9,48,11,1,1,1,1
MalwareActivity,47,9,46,12,1,1,1,1
MalwareActivity,46,9,48,12,1,1,1,1
MalwareActivity,45,9,49,12,1,1,1,1
MalwareActivity,46,9,49,12,1,1,1,1
MalwareActivity,59,9,71,17,1,1,1,1
MalwareActivity,57,9,74,17,1,1,1,1
MalwareActivity,59,9,71,18,1,1,1,1
MalwareActivity,45,9,49,22,1,1,1,1
MalwareActivity,57,9,79,58,1,1,1,1
MalwareActivity,57,9,78,61,1,1,1,1
MalwareActivity,57,9,79,61,1,1,1,1
MalwareActivity,48,9,71,63,1,1,1,1
MalwareActivity,58,9,82,64,1,1,1,1
MalwareActivity,45,9,62,73,1,1,1,1
MalwareActivity,46,9,62,74,1,1,1,1
MalwareActivity,45,9,62,76,1,1,1,1
MalwareActivity,46,9,62,76,1,1,1,1
MalwareActivity,47,9,62,76,1,1,1,1
MalwareActivity,45,9,63,76,1,1,1,1
MalwareActivity,44,9,62,77,1,1,1,1
MalwareActivity,45,9,62,77,1,1,1,1
MalwareActivity,46,9,62,77,1,1,1,1
MalwareActivity,45,9,63,77,1,1,1,1
MalwareActivity,46,9,63,77,1,1,1,1
MalwareActivity,46,9,64,78,1,1,1,1
MalwareActivity,45,9,63,79,1,1,1,1
MalwareActivity,46,9,63,79,1,1,1,1
MalwareActivity,45,9,64,79,1,1,1,1
MalwareActivity,46,9,64,79,1,1,1,1
MalwareActivity,44,9,58,80,1,1,1,1
MalwareActivity,45,9,64,80,1,1,1,1
MalwareActivity,46,9,58,81,1,1,1,1
MalwareActivity,46,9,59,82,1,1,1,1
MalwareActivity,45,9,65,82,1,1,1,1
MalwareActivity,46,9,59,83,1,1,1,1
MalwareActivity,47,9,59,83,1,1,1,1
MalwareActivity,46,9,60,84,1,1,1,1
MalwareActivity,47,9,60,84,1,1,1,1
MalwareActivity,45,9,60,86,1,1,1,1
MalwareActivity,46,9,60,86,1,1,1,1
MalwareActivity,46,9,61,87,1,1,1,1
MalwareActivity,46,9,62,88,1,1,1,1
MalwareActivity,44,9,65,91,1,1,1,1
MalwareActivity,44,9,65,93,1,1,1,1
MalwareActivity,45,9,65,93,1,1,1,1
MalwareActivity,44,9,66,93,1,1,1,1
MalwareActivity,45,9,66,93,1,1,1,1
MalwareActivity,46,9,66,93,1,1,1,1
MalwareActivity,44,9,66,94,1,1,1,1
MalwareActivity,45,9,66,94,1,1,1,1
MalwareActivity,42,9,64,95,1,1,1,1
MalwareActivity,44,9,67,96,1,1,1,1
MalwareActivity,42,9,66,98,1,1,1,1
MalwareActivity,42,9,66,99,1,1,1,1
MalwareActivity,42,9,67,100,1,1,1,1
MalwareActivity,42,9,68,104,1,1,1,1
MalwareActivity,46,9,80,117,1,1,1,1
MalwareActivity,44,9,88,141,1,1,1,1
MalwareActivity,45,9,130,200,1,1,1,1
MalwareActivity,46,9,223,225,1,1,1,1
MalwareActivity,46,9,223,226,1,1,1,1
MalwareActivity,46,9,430,652,1,1,1,1
MalwareActivity,46,9,544,862,1,1,1,1
MalwareActivity,47,10,43,6,1,1,1,1
MalwareActivity,58,10,57,6,1,1,1,1
MalwareActivity,57,10,58,6,1,1,1,1
MalwareActivity,45,10,45,7,1,1,1,1
MalwareActivity,51,10,47,7,1,1,1,1
MalwareActivity,45,10,45,8,1,1,1,1
MalwareActivity,47,10,45,8,1,1,1,1
MalwareActivity,45,10,46,8,1,1,1,1
MalwareActivity,46,10,46,8,1,1,1,1
MalwareActivity,44,10,48,11,1,1,1,1
MalwareActivity,44,10,49,11,1,1,1,1
MalwareActivity,46,10,48,12,1,1,1,1
MalwareActivity,47,10,48,12,1,1,1,1
MalwareActivity,61,10,50,14,1,1,1,1
MalwareActivity,58,10,62,15,1,1,1,1
MalwareActivity,50,10,54,16,1,1,1,1
MalwareActivity,45,10,50,17,1,1,1,1
MalwareActivity,51,10,51,17,1,1,1,1
MalwareActivity,49,10,53,17,1,1,1,1
MalwareActivity,58,10,63,18,1,1,1,1
MalwareActivity,55,10,51,32,1,1,1,1
MalwareActivity,57,10,80,61,1,1,1,1
MalwareActivity,47,10,71,63,1,1,1,1
MalwareActivity,46,10,62,76,1,1,1,1
MalwareActivity,48,10,63,76,1,1,1,1
MalwareActivity,45,10,62,77,1,1,1,1
MalwareActivity,44,10,63,77,1,1,1,1
MalwareActivity,46,10,63,77,1,1,1,1
MalwareActivity,46,10,64,77,1,1,1,1
MalwareActivity,47,10,57,79,1,1,1,1
MalwareActivity,45,10,63,79,1,1,1,1
MalwareActivity,46,10,63,79,1,1,1,1
MalwareActivity,46,10,64,79,1,1,1,1
MalwareActivity,45,10,64,80,1,1,1,1
MalwareActivity,46,10,64,80,1,1,1,1
MalwareActivity,47,10,58,81,1,1,1,1
MalwareActivity,47,10,59,82,1,1,1,1
MalwareActivity,47,10,59,83,1,1,1,1
MalwareActivity,45,10,67,83,1,1,1,1
MalwareActivity,46,10,60,84,1,1,1,1
MalwareActivity,47,10,60,84,1,1,1,1
MalwareActivity,45,10,60,86,1,1,1,1
MalwareActivity,47,10,60,86,1,1,1,1
MalwareActivity,47,10,61,87,1,1,1,1
MalwareActivity,47,10,62,88,1,1,1,1
MalwareActivity,48,10,66,92,1,1,1,1
MalwareActivity,42,10,63,93,1,1,1,1
MalwareActivity,44,10,65,93,1,1,1,1
MalwareActivity,42,10,64,94,1,1,1,1
MalwareActivity,44,10,66,94,1,1,1,1
MalwareActivity,45,10,66,94,1,1,1,1
MalwareActivity,42,10,64,95,1,1,1,1
MalwareActivity,42,10,64,96,1,1,1,1
MalwareActivity,42,10,65,96,1,1,1,1
MalwareActivity,44,10,67,96,1,1,1,1
MalwareActivity,45,10,67,96,1,1,1,1
MalwareActivity,44,10,68,96,1,1,1,1
MalwareActivity,42,10,65,97,1,1,1,1
MalwareActivity,42,10,65,98,1,1,1,1
MalwareActivity,42,10,66,98,1,1,1,1
MalwareActivity,45,10,69,98,1,1,1,1
MalwareActivity,42,10,65,99,1,1,1,1
MalwareActivity,42,10,66,99,1,1,1,1
MalwareActivity,42,10,67,99,1,1,1,1
MalwareActivity,42,10,66,100,1,1,1,1
MalwareActivity,43,10,66,100,1,1,1,1
MalwareActivity,42,10,67,100,1,1,1,1
MalwareActivity,43,10,67,100,1,1,1,1
MalwareActivity,42,10,66,101,1,1,1,1
MalwareActivity,43,10,66,101,1,1,1,1
MalwareActivity,43,10,67,102,1,1,1,1
MalwareActivity,43,10,68,102,1,1,1,1
MalwareActivity,42,10,67,103,1,1,1,1
MalwareActivity,42,10,68,104,1,1,1,1
MalwareActivity,43,10,68,104,1,1,1,1
MalwareActivity,43,10,68,106,1,1,1,1
MalwareActivity,49,10,84,114,1,1,1,1
MalwareActivity,45,10,88,143,1,1,1,1
MalwareActivity,46,10,90,148,1,1,1,1
MalwareActivity,45,10,91,148,1,1,1,1
MalwareActivity,46,10,94,153,1,1,1,1
MalwareActivity,47,10,127,167,1,1,1,1
MalwareActivity,47,10,150,187,1,1,1,1
MalwareActivity,47,10,157,226,1,1,1,1
MalwareActivity,47,10,529,840,1,1,1,1
MalwareActivity,52,11,42,2,1,1,1,1
MalwareActivity,49,11,43,6,1,1,1,1
MalwareActivity,49,11,44,6,1,1,1,1
MalwareActivity,58,11,57,6,1,1,1,1
MalwareActivity,46,11,46,8,1,1,1,1
MalwareActivity,47,11,46,8,1,1,1,1
MalwareActivity,52,11,46,8,1,1,1,1
MalwareActivity,47,11,46,9,1,1,1,1
MalwareActivity,47,11,56,76,1,1,1,1
MalwareActivity,47,11,57,79,1,1,1,1
MalwareActivity,46,11,64,79,1,1,1,1
MalwareActivity,47,11,58,80,1,1,1,1
MalwareActivity,47,11,58,81,1,1,1,1
MalwareActivity,47,11,60,84,1,1,1,1
MalwareActivity,47,11,60,86,1,1,1,1
MalwareActivity,42,11,60,87,1,1,1,1
MalwareActivity,42,11,61,88,1,1,1,1
MalwareActivity,42,11,62,91,1,1,1,1
MalwareActivity,42,11,63,93,1,1,1,1
MalwareActivity,45,11,65,93,1,1,1,1
MalwareActivity,44,11,66,93,1,1,1,1
MalwareActivity,42,11,64,94,1,1,1,1
MalwareActivity,43,11,64,94,1,1,1,1
MalwareActivity,45,11,66,94,1,1,1,1
MalwareActivity,42,11,65,96,1,1,1,1
MalwareActivity,43,11,65,96,1,1,1,1
MalwareActivity,46,11,67,96,1,1,1,1
MalwareActivity,46,11,68,96,1,1,1,1
MalwareActivity,42,11,65,97,1,1,1,1
MalwareActivity,43,11,65,97,1,1,1,1
MalwareActivity,42,11,66,98,1,1,1,1
MalwareActivity,43,11,66,98,1,1,1,1
MalwareActivity,42,11,66,99,1,1,1,1
MalwareActivity,43,11,66,99,1,1,1,1
MalwareActivity,43,11,67,100,1,1,1,1
MalwareActivity,43,11,68,101,1,1,1,1
MalwareActivity,43,11,67,102,1,1,1,1
MalwareActivity,43,11,77,126,1,1,1,1
MalwareActivity,48,11,90,148,1,1,1,1
MalwareActivity,46,11,94,153,1,1,1,1
MalwareActivity,47,11,94,153,1,1,1,1
MalwareActivity,47,11,99,185,1,1,1,1
MalwareActivity,56,11,1455,239,1,1,1,1
MalwareActivity,70,11,157,292,1,1,1,1
MalwareActivity,53,11,1331,455,1,1,1,1
MalwareActivity,54,11,733,728,1,1,1,1
MalwareActivity,47,12,46,8,1,1,1,1
MalwareActivity,48,12,46,8,1,1,1,1
MalwareActivity,47,12,56,76,1,1,1,1
MalwareActivity,47,12,57,79,1,1,1,1
MalwareActivity,69,12,88,122,1,1,1,1
MalwareActivity,46,12,94,153,1,1,1,1
MalwareActivity,47,12,94,153,1,1,1,1
MalwareActivity,46,12,130,200,1,1,1,1
MalwareActivity,69,12,137,256,1,1,1,1
MalwareActivity,47,13,46,8,1,1,1,1
MalwareActivity,49,13,46,8,1,1,1,1
MalwareActivity,48,13,56,75,1,1,1,1
MalwareActivity,42,13,66,98,1,1,1,1
MalwareActivity,42,13,66,100,1,1,1,1
MalwareActivity,47,13,94,153,1,1,1,1
MalwareActivity,65,13,112,173,1,1,1,1
MalwareActivity,55,13,1468,203,1,1,1,1
MalwareActivity,55,13,1542,703,1,1,1,1
Benign_1100,458,14,0,0,1,1,0,0
MalwareActivity,50,14,47,8,1,1,1,1
MalwareActivity,47,14,69,98,1,1,1,1
MalwareActivity,47,14,94,153,1,1,1,1
MalwareActivity,48,14,94,153,1,1,1,1
MalwareActivity,47,14,99,185,1,1,1,1
MalwareActivity,53,14,1472,189,1,1,1,1
MalwareActivity,55,14,1473,220,1,1,1,1
Benign,41,14,1432,255,1,1,1,1
MalwareActivity,66,14,1463,300,1,1,1,1
MalwareActivity,60,14,1413,332,1,1,1,1
MalwareActivity,68,14,1439,342,1,1,1,1
MalwareActivity,60,14,1463,408,1,1,1,1
MalwareActivity,58,14,1424,422,1,1,1,1
MalwareActivity,56,14,1409,468,1,1,1,1
MalwareActivity,56,14,1478,597,1,1,1,1
MalwareActivity,48,15,94,153,1,1,1,1
MalwareActivity,54,15,1468,209,1,1,1,1
MalwareActivity,54,15,1466,212,1,1,1,1
MalwareActivity,54,15,1461,222,1,1,1,1
MalwareActivity,55,15,1462,222,1,1,1,1
MalwareActivity,55,15,1460,230,1,1,1,1
MalwareActivity,53,15,1472,230,1,1,1,1
MalwareActivity,54,15,1453,247,1,1,1,1
MalwareActivity,71,15,1428,303,1,1,1,1
MalwareActivity,71,15,1418,386,1,1,1,1
MalwareActivity,48,16,94,153,1,1,1,1
MalwareActivity,49,16,94,153,1,1,1,1
Activity_Attack,63,16,1459,229,1,1,1,1
Activity_Attack,63,16,1459,229,1,1,1,1
Activity_Attack,61,16,1459,238,1,1,1,1
Activity_Attack,61,16,1459,238,1,1,1,1
MalwareActivity,54,16,1455,244,1,1,1,1
Activity_Attack,65,16,1453,245,1,1,1,1
Activity_Attack,65,16,1453,245,1,1,1,1
Activity_Attack,60,16,1450,258,1,1,1,1
Activity_Attack,60,16,1450,258,1,1,1,1
MalwareActivity,55,16,1457,282,1,1,1,1
MalwareActivity,55,16,1470,292,1,1,1,1
Activity_Attack,65,16,1461,303,1,1,1,1
Activity_Attack,65,16,1461,303,1,1,1,1
MalwareActivity,68,16,1377,391,1,1,1,1
MalwareActivity,66,16,1373,480,1,1,1,1
MalwareActivity,62,16,1413,546,1,1,1,1
MalwareActivity,60,17,93,32,1,1,1,1
MalwareActivity,60,17,85,33,1,1,1,1
MalwareActivity,59,17,90,33,1,1,1,1
MalwareActivity,61,17,84,35,1,1,1,1
MalwareActivity,61,17,86,37,1,1,1,1
MalwareActivity,62,17,104,43,1,1,1,1
MalwareActivity,61,17,100,49,1,1,1,1
MalwareActivity,61,17,101,49,1,1,1,1
MalwareActivity,61,17,91,51,1,1,1,1
MalwareActivity,61,17,87,54,1,1,1,1
MalwareActivity,62,17,87,54,1,1,1,1
MalwareActivity,61,17,93,57,1,1,1,1
MalwareActivity,62,17,93,57,1,1,1,1
MalwareActivity,49,17,94,153,1,1,1,1
Activity_Attack,62,17,1458,233,1,1,1,1
Activity_Attack,62,17,1458,233,1,1,1,1
MalwareActivity,58,17,1455,241,1,1,1,1
Activity_Attack,56,17,1449,257,1,1,1,1
Activity_Attack,56,17,1449,257,1,1,1,1
Activity_Attack,63,17,1472,265,1,1,1,1
Activity_Attack,63,17,1472,265,1,1,1,1
Activity_Attack,66,17,1444,273,1,1,1,1
Activity_Attack,66,17,1444,273,1,1,1,1
MalwareActivity,65,17,1440,276,1,1,1,1
MalwareActivity,62,17,1384,390,1,1,1,1
MalwareActivity,60,18,85,33,1,1,1,1
MalwareActivity,60,18,90,33,1,1,1,1
MalwareActivity,61,18,90,33,1,1,1,1
MalwareActivity,61,18,82,36,1,1,1,1
MalwareActivity,61,18,86,37,1,1,1,1
MalwareActivity,59,18,58,48,1,1,1,1
MalwareActivity,61,18,91,51,1,1,1,1
MalwareActivity,61,18,96,51,1,1,1,1
MalwareActivity,62,18,83,52,1,1,1,1
MalwareActivity,60,18,98,53,1,1,1,1
MalwareActivity,61,18,98,53,1,1,1,1
MalwareActivity,62,18,98,53,1,1,1,1
MalwareActivity,62,18,87,54,1,1,1,1
MalwareActivity,63,18,87,54,1,1,1,1
MalwareActivity,61,18,93,57,1,1,1,1
MalwareActivity,62,18,93,57,1,1,1,1
MalwareActivity,63,18,93,57,1,1,1,1
MalwareActivity,67,18,1454,242,1,1,1,1
Activity_Attack,66,18,1450,253,1,1,1,1
Activity_Attack,66,18,1450,253,1,1,1,1
Activity_Attack,65,18,1446,264,1,1,1,1
Activity_Attack,65,18,1446,264,1,1,1,1
MalwareActivity,56,18,1418,325,1,1,1,1
MalwareActivity,64,18,1453,358,1,1,1,1
MalwareActivity,65,18,1474,361,1,1,1,1
MalwareActivity,65,18,1493,427,1,1,1,1
MalwareActivity,61,19,85,33,1,1,1,1
MalwareActivity,59,19,90,33,1,1,1,1
MalwareActivity,60,19,90,33,1,1,1,1
MalwareActivity,61,19,90,33,1,1,1,1
MalwareActivity,61,19,86,37,1,1,1,1
MalwareActivity,62,19,86,37,1,1,1,1
MalwareActivity,63,19,83,52,1,1,1,1
MalwareActivity,62,19,89,53,1,1,1,1
MalwareActivity,60,19,98,53,1,1,1,1
MalwareActivity,62,19,98,53,1,1,1,1
MalwareActivity,62,19,87,54,1,1,1,1
MalwareActivity,63,19,87,54,1,1,1,1
MalwareActivity,63,19,101,55,1,1,1,1
MalwareActivity,62,19,93,57,1,1,1,1
MalwareActivity,63,19,93,57,1,1,1,1
MalwareActivity,51,19,69,86,1,1,1,1
MalwareActivity,70,19,1447,293,1,1,1,1
MalwareActivity,66,19,1423,314,1,1,1,1
MalwareActivity,68,19,1478,338,1,1,1,1
MalwareActivity,64,19,1462,534,1,1,1,1
MalwareActivity,61,20,93,32,1,1,1,1
MalwareActivity,60,20,90,33,1,1,1,1
MalwareActivity,62,20,82,36,1,1,1,1
MalwareActivity,62,20,86,37,1,1,1,1
MalwareActivity,62,20,86,49,1,1,1,1
MalwareActivity,62,20,91,51,1,1,1,1
MalwareActivity,60,20,98,53,1,1,1,1
MalwareActivity,61,20,98,53,1,1,1,1
MalwareActivity,62,20,98,53,1,1,1,1
MalwareActivity,63,20,87,54,1,1,1,1
MalwareActivity,63,20,101,55,1,1,1,1
MalwareActivity,62,20,93,57,1,1,1,1
MalwareActivity,63,20,93,57,1,1,1,1
MalwareAttack,65,20,1476,244,1,1,1,1
MalwareAttack,69,20,1457,259,1,1,1,1
MalwareActivity,66,20,1414,330,1,1,1,1
MalwareActivity,66,20,1431,405,1,1,1,1
MalwareActivity,60,21,90,33,1,1,1,1
MalwareActivity,62,21,94,48,1,1,1,1
MalwareActivity,62,21,100,49,1,1,1,1
MalwareActivity,63,21,100,49,1,1,1,1
MalwareActivity,60,21,98,53,1,1,1,1
MalwareActivity,61,21,98,53,1,1,1,1
MalwareActivity,62,21,98,53,1,1,1,1
MalwareActivity,63,21,98,53,1,1,1,1
MalwareActivity,63,21,87,54,1,1,1,1
MalwareActivity,63,21,93,57,1,1,1,1
MalwareActivity,64,21,82,63,1,1,1,1
MalwareAttack,62,21,1472,279,1,1,1,1
MalwareAttack,62,21,1484,283,1,1,1,1
MalwareActivity,72,21,1428,303,1,1,1,1
MalwareActivity,61,21,1413,332,1,1,1,1
MalwareActivity,70,21,1439,342,1,1,1,1
MalwareAttack,64,21,1495,349,1,1,1,1
MalwareActivity,54,21,1384,390,1,1,1,1
MalwareActivity,63,21,1377,393,1,1,1,1
MalwareActivity,63,22,83,52,1,1,1,1
MalwareActivity,67,22,89,53,1,1,1,1
MalwareActivity,63,22,98,53,1,1,1,1
MalwareActivity,63,22,87,54,1,1,1,1
MalwareActivity,63,22,93,57,1,1,1,1
MalwareActivity,65,22,93,57,1,1,1,1
MalwareActivity,67,22,93,57,1,1,1,1
MalwareAttack,61,22,1480,256,1,1,1,1
MalwareAttack,62,22,1474,353,1,1,1,1
MalwareActivity,61,22,1398,360,1,1,1,1
MalwareActivity,57,22,1386,377,1,1,1,1
MalwareActivity,60,22,1437,391,1,1,1,1
MalwareActivity,72,22,1393,425,1,1,1,1
MalwareActivity,62,23,90,33,1,1,1,1
MalwareActivity,62,23,96,50,1,1,1,1
MalwareActivity,62,23,98,53,1,1,1,1
MalwareActivity,66,23,98,53,1,1,1,1
MalwareActivity,66,23,93,57,1,1,1,1
MalwareActivity,67,23,93,57,1,1,1,1
MalwareActivity,64,23,82,63,1,1,1,1
MalwareAttack,69,23,1482,304,1,1,1,1
MalwareAttack,63,23,1472,355,1,1,1,1
MalwareActivity,58,23,1409,468,1,1,1,1
MalwareActivity,64,23,1279,506,1,1,1,1
MalwareActivity,42,24,42,23,1,1,1,1
MalwareActivity,42,24,42,31,1,1,1,1
MalwareActivity,65,24,98,53,1,1,1,1
MalwareActivity,66,25,85,33,1,1,1,1
MalwareActivity,66,25,98,53,1,1,1,1
MalwareActivity,68,25,82,63,1,1,1,1
MalwareActivity,57,25,1370,401,1,1,1,1
MalwareActivity,67,25,1360,477,1,1,1,1
MalwareActivity_1110,97,26,60,0,1,1,1,0
MalwareActivity,66,26,92,31,1,1,1,1
MalwareActivity,64,26,70,59,1,1,1,1
MalwareActivity,65,26,82,63,1,1,1,1
MalwareActivity,72,27,109,24,1,1,1,1
MalwareActivity,96,27,84,56,1,1,1,1
MalwareActivity,63,27,1373,480,1,1,1,1
MalwareActivity,76,28,123,71,1,1,1,1
MalwareAttack,61,30,84,49,1,1,1,1
MalwareActivity,87,30,94,56,1,1,1,1
MalwareAttack,61,31,84,49,1,1,1,1
MalwareAttack,61,32,84,49,1,1,1,1
MalwareActivity,69,32,157,204,1,1,1,1
MalwareAttack,61,34,84,49,1,1,1,1
MalwareActivity,42,35,42,28,1,1,1,1
MalwareAttack,61,35,84,49,1,1,1,1
MalwareActivity,69,36,147,209,1,1,1,1
Benign_1100,400,38,0,0,1,1,0,0
MalwareActivity,42,38,42,40,1,1,1,1
MalwareAttack,67,39,79,41,1,1,1,1
MalwareAttack,68,39,76,43,1,1,1,1
MalwareAttack,68,39,84,49,1,1,1,1
Benign,70,40,85,71,1,1,1,1
MalwareAttack,69,41,76,43,1,1,1,1
MalwareActivity,42,43,42,34,1,1,1,1
MalwareAttack,69,43,76,43,1,1,1,1
MalwareAttack,70,43,76,43,1,1,1,1
MalwareAttack,71,46,76,43,1,1,1,1
MalwareActivity,86,48,176,227,1,1,1,1
MalwareAttack,72,49,76,43,1,1,1,1
Benign_1100,159,50,0,0,1,1,0,0
MalwareAttack,74,52,76,43,1,1,1,1
Benign,76,53,192,310,1,1,1,1
MalwareAttack,77,57,76,43,1,1,1,1
Benign_1100,343,58,0,0,1,1,0,0
Benign,66,59,1218,543,1,1,1,1
Benign,74,60,499,612,1,1,1,1
MalwareActivity,88,66,170,214,1,1,1,1
MalwareActivity,85,69,171,234,1,1,1,1
Activity_Attack,83,78,112,146,1,1,1,1
Activity_Attack,83,78,112,146,1,1,1,1
Activity_Attack,83,78,277,432,1,1,1,1
Activity_Attack,83,78,277,432,1,1,1,1
Benign_1100,276,81,0,0,1,1,0,0
Benign,80,81,567,611,1,1,1,1
Benign,88,83,171,233,1,1,1,1
MalwareActivity,75,89,54,5,1,1,1,1
MalwareActivity,76,92,55,5,1,1,1,1
MalwareActivity,68,94,43,5,1,1,1,1
Benign,142,96,598,710,1,1,1,1
Benign,107,99,253,389,1,1,1,1
Benign,105,99,279,399,1,1,1,1
Benign,92,99,730,730,1,1,1,1
MalwareActivity_1110,147,100,60,0,1,1,1,0
Benign,94,107,714,734,1,1,1,1
Benign,97,109,437,573,1,1,1,1
Benign,103,110,620,882,1,1,1,1
Benign,108,115,109,83,1,1,1,1
Benign,120,119,91,65,1,1,1,1
Benign,111,127,521,652,1,1,1,1
Benign,120,130,96,115,1,1,1,1
Benign,123,132,100,72,1,1,1,1
Benign,117,134,130,98,1,1,1,1
Benign,118,134,261,447,1,1,1,1
Benign,117,136,253,437,1,1,1,1
Benign,124,137,99,78,1,1,1,1
Benign,119,137,122,84,1,1,1,1
Benign,89,153,1132,527,1,1,1,1
Benign,142,155,105,126,1,1,1,1
Benign,123,160,633,880,1,1,1,1
Benign,79,172,92,203,1,1,1,1
Benign,172,177,342,377,1,1,1,1
Benign,132,179,426,640,1,1,1,1
Benign,173,209,407,598,1,1,1,1
MalwareActivity,157,217,71,25,1,1,1,1
MalwareActivity_1110,154,222,40,0,1,1,1,0
Benign,172,226,513,622,1,1,1,1
Benign,158,233,440,759,1,1,1,1
Benign,92,234,289,655,1,1,1,1
Benign,178,236,498,710,1,1,1,1
Benign,175,242,391,678,1,1,1,1
Benign,96,245,297,607,1,1,1,1
Benign,149,249,88,85,1,1,1,1
Benign,170,256,395,733,1,1,1,1
MalwareAttack,123,257,44,5,1,1,1,1
Benign,180,265,386,583,1,1,1,1
Benign,164,269,88,85,1,1,1,1
Benign,186,286,424,931,1,1,1,1
MalwareActivity_1110,217,290,40,0,1,1,1,0
Benign,148,296,382,552,1,1,1,1
Benign,149,296,382,552,1,1,1,1
Benign,148,296,451,752,1,1,1,1
MalwareAttack,165,304,1014,840,1,1,1,1
MalwareAttack,181,307,99,75,1,1,1,1
MalwareAttack,172,308,56,5,1,1,1,1
MalwareAttack,171,309,99,81,1,1,1,1
MalwareAttack,171,309,96,83,1,1,1,1
MalwareAttack,171,309,111,95,1,1,1,1
MalwareAttack,171,309,196,186,1,1,1,1
Benign,134,316,263,498,1,1,1,1
Benign,162,317,389,617,1,1,1,1
Benign,132,317,477,866,1,1,1,1
Benign,162,317,477,866,1,1,1,1
Benign,151,322,451,752,1,1,1,1
Benign,168,326,71,71,1,1,1,1
Benign,166,326,212,267,1,1,1,1
MalwareAttack,186,328,46,8,1,1,1,1
MalwareAttack,186,330,42,4,1,1,1,1
MalwareAttack,186,330,43,6,1,1,1,1
MalwareAttack,186,330,46,8,1,1,1,1
Benign,143,330,333,646,1,1,1,1
MalwareAttack,182,330,1014,840,1,1,1,1
MalwareAttack,191,333,56,5,1,1,1,1
MalwareAttack,189,334,99,81,1,1,1,1
MalwareAttack,189,334,111,95,1,1,1,1
Benign,164,342,451,752,1,1,1,1
Benign,198,352,82,71,1,1,1,1
Benign,262,353,224,381,1,1,1,1
Benign,267,357,199,359,1,1,1,1
Benign,174,359,71,48,1,1,1,1
MalwareAttack,211,360,42,2,1,1,1,1
MalwareAttack,211,360,46,8,1,1,1,1
MalwareAttack,235,361,99,81,1,1,1,1
MalwareAttack,235,361,111,95,1,1,1,1
Benign,195,364,549,666,1,1,1,1
Benign,182,365,389,617,1,1,1,1
Benign,166,365,477,866,1,1,1,1
Benign,180,366,389,617,1,1,1,1
Benign,185,371,71,71,1,1,1,1
Benign,232,376,357,562,1,1,1,1
Benign,205,377,310,497,1,1,1,1
MalwareAttack,257,379,99,81,1,1,1,1
Benign,199,382,71,71,1,1,1,1
Benign,208,383,181,278,1,1,1,1
Benign,201,386,103,149,1,1,1,1
Benign,180,387,331,570,1,1,1,1
Benign,180,387,451,752,1,1,1,1
MalwareActivity_1110,375,389,60,0,1,1,1,0
MalwareAttack,281,392,42,2,1,1,1,1
MalwareActivity_1110,395,393,60,0,1,1,1,0
Benign,245,395,355,562,1,1,1,1
Benign,271,396,363,636,1,1,1,1
Benign,255,400,310,548,1,1,1,1
Benign,207,401,71,71,1,1,1,1
MalwareActivity_1110,586,404,44,0,1,1,1,0
Benign,185,414,267,503,1,1,1,1
Benign,304,414,356,515,1,1,1,1
MalwareAttack,318,416,42,2,1,1,1,1
Benign,301,416,323,471,1,1,1,1
MalwareActivity_1110,490,419,44,0,1,1,1,0
MalwareActivity_1110,453,420,52,0,1,1,1,0
MalwareActivity_1110,488,422,52,0,1,1,1,0
MalwareActivity_1110,455,423,52,0,1,1,1,0
Benign,236,432,477,676,1,1,1,1
Benign,315,439,185,322,1,1,1,1
Benign,275,441,436,611,1,1,1,1
Benign,227,450,104,151,1,1,1,1
Benign,321,451,185,322,1,1,1,1
Benign,406,468,834,815,1,1,1,1
Benign,282,472,128,104,1,1,1,1
Benign,248,473,234,403,1,1,1,1
Benign,226,477,267,503,1,1,1,1
Benign,334,480,185,322,1,1,1,1
Benign,337,486,185,322,1,1,1,1
Benign,297,486,510,595,1,1,1,1
Benign,331,497,173,322,1,1,1,1
Benign,257,509,87,129,1,1,1,1
Benign,252,509,260,489,1,1,1,1
Benign,282,511,205,339,1,1,1,1
Benign,315,515,512,606,1,1,1,1
Benign,274,518,193,339,1,1,1,1
Benign,349,539,173,322,1,1,1,1
Benign,296,565,267,503,1,1,1,1
Benign,955,642,322,605,1,1,1,1
Benign,746,676,135,266,1,1,1,1
MalwareActivity,486,735,44,6,1,1,1,1
